"Tanggal","Terakhir","Pembukaan","Tertinggi","Terendah","Vol.","Perubahan%"
"31/10/2024","7.600","7.525","7.650","7.500","25,84M","1,67%"
"30/10/2024","7.475","7.575","7.575","7.450","9,56M","-1,32%"
"29/10/2024","7.575","7.500","7.575","7.450","10,86M","0,66%"
"28/10/2024","7.525","7.500","7.525","7.375","4,96M","0,33%"
"25/10/2024","7.500","7.575","7.575","7.450","6,07M","-0,33%"
"24/10/2024","7.525","7.500","7.550","7.475","9,34M","0,33%"
"23/10/2024","7.500","7.450","7.550","7.425","19,21M","1,01%"
"22/10/2024","7.425","7.400","7.475","7.350","14,44M","0,34%"
"21/10/2024","7.400","7.400","7.425","7.325","8,43M","-0,34%"
"18/10/2024","7.425","7.225","7.475","7.200","23,78M","3,48%"
"17/10/2024","7.175","7.175","7.275","7.175","5,42M","0,00%"
"16/10/2024","7.175","7.250","7.275","7.150","8,88M","-0,35%"
"15/10/2024","7.200","7.050","7.250","7.050","17,97M","2,13%"
"14/10/2024","7.050","7.000","7.100","6.975","3,97M","0,71%"
"11/10/2024","7.000","7.100","7.100","6.975","4,47M","-0,36%"
"10/10/2024","7.025","7.000","7.100","6.925","11,88M","1,44%"
"09/10/2024","6.925","7.000","7.025","6.925","9,82M","-1,07%"
"08/10/2024","7.000","6.925","7.000","6.850","8,90M","1,08%"
"07/10/2024","6.925","7.000","7.000","6.825","10,83M","-1,77%"
"04/10/2024","7.050","7.100","7.125","7.000","5,62M","-0,70%"
"03/10/2024","7.100","7.075","7.150","7.050","6,84M","0,35%"
"02/10/2024","7.075","7.125","7.150","7.025","9,65M","-1,39%"
"01/10/2024","7.175","7.050","7.175","7.050","10,45M","1,77%"
"30/09/2024","7.050","7.175","7.175","7.050","11,72M","-1,74%"
"27/09/2024","7.175","7.250","7.250","7.175","9,53M","-0,69%"
"26/09/2024","7.225","7.200","7.250","7.175","18,00M","0,70%"
"25/09/2024","7.175","7.175","7.175","7.075","17,99M","0,00%"
"24/09/2024","7.175","7.125","7.175","7.075","15,04M","1,06%"
"23/09/2024","7.100","7.150","7.175","7.075","12,87M","-0,70%"
"20/09/2024","7.150","7.100","7.200","7.075","26,48M","1,06%"
"19/09/2024","7.075","7.100","7.150","7.075","10,92M","0,00%"
"18/09/2024","7.075","7.125","7.150","7.050","5,43M","-0,35%"
"17/09/2024","7.100","7.100","7.150","7.025","7,88M","0,00%"
"13/09/2024","7.100","7.150","7.200","7.050","10,83M","-0,70%"
"12/09/2024","7.150","7.050","7.175","6.975","22,47M","2,14%"
"11/09/2024","7.000","7.000","7.025","6.950","9,46M","-0,71%"
"10/09/2024","7.050","6.950","7.050","6.925","12,14M","1,81%"
"09/09/2024","6.925","7.000","7.025","6.850","7,13M","-1,42%"
"06/09/2024","7.025","6.925","7.075","6.900","14,30M","0,72%"
"05/09/2024","6.975","6.700","6.975","6.700","24,21M","4,10%"
"04/09/2024","6.700","6.725","6.725","6.650","8,27M","-1,11%"
"03/09/2024","6.775","6.700","6.775","6.675","11,65M","0,74%"
"02/09/2024","6.725","6.825","6.825","6.725","7,86M","-1,82%"
"30/08/2024","6.850","6.800","6.850","6.725","22,11M","0,74%"
"29/08/2024","6.800","6.825","6.825","6.750","13,27M","-0,37%"
"28/08/2024","6.825","6.825","6.825","6.700","9,44M","0,37%"
"27/08/2024","6.800","6.875","6.900","6.725","12,17M","-0,73%"
"26/08/2024","6.850","6.700","6.850","6.675","14,05M","2,24%"
"23/08/2024","6.700","6.650","6.725","6.575","12,45M","0,75%"
"22/08/2024","6.650","6.575","6.650","6.550","12,11M","0,38%"
"21/08/2024","6.625","6.550","6.650","6.525","15,69M","1,53%"
"20/08/2024","6.525","6.500","6.525","6.425","15,26M","1,16%"
"19/08/2024","6.450","6.525","6.525","6.375","10,03M","-1,15%"
"16/08/2024","6.525","6.500","6.525","6.400","9,53M","0,77%"
"15/08/2024","6.475","6.500","6.550","6.400","9,58M","-0,38%"
"14/08/2024","6.500","6.325","6.650","6.325","29,98M","2,77%"
"13/08/2024","6.325","6.275","6.350","6.275","10,45M","1,20%"
"12/08/2024","6.250","6.275","6.300","6.225","5,56M","-0,40%"
"09/08/2024","6.275","6.225","6.275","6.175","7,07M","0,80%"
"08/08/2024","6.225","6.150","6.225","6.125","9,40M","1,63%"
"07/08/2024","6.125","6.075","6.150","6.075","4,24M","0,41%"
"06/08/2024","6.100","6.025","6.150","6.025","11,58M","0,83%"
"05/08/2024","6.050","6.075","6.100","5.950","12,49M","-0,82%"
"02/08/2024","6.100","6.150","6.175","6.100","6,43M","-0,81%"
"01/08/2024","6.150","6.075","6.250","6.025","15,24M","0,41%"
"31/07/2024","6.125","6.075","6.125","6.025","14,63M","1,24%"
"30/07/2024","6.050","6.125","6.125","6.000","4,10M","-0,41%"
"29/07/2024","6.075","6.075","6.150","6.075","4,81M","-0,82%"
"26/07/2024","6.125","6.125","6.150","6.050","5,43M","0,41%"
"25/07/2024","6.100","6.000","6.100","5.975","9,09M","1,67%"
"24/07/2024","6.000","6.100","6.125","5.975","9,93M","-1,64%"
"23/07/2024","6.100","6.050","6.100","6.025","5,03M","1,24%"
"22/07/2024","6.025","6.100","6.100","6.000","4,42M","-0,82%"
"19/07/2024","6.075","6.050","6.075","5.975","6,00M","0,00%"
"18/07/2024","6.075","6.050","6.075","6.000","5,35M","0,41%"
"17/07/2024","6.050","5.975","6.050","5.950","7,00M","1,68%"
"16/07/2024","5.950","5.975","5.975","5.925","3,61M","-0,42%"
"15/07/2024","5.975","5.975","6.000","5.925","3,83M","0,42%"
"12/07/2024","5.950","5.975","6.000","5.950","4,14M","0,42%"
"11/07/2024","5.925","6.000","6.025","5.925","6,35M","-1,25%"
"10/07/2024","6.000","5.975","6.025","5.950","7,02M","0,84%"
"09/07/2024","5.950","5.975","6.000","5.900","10,61M","-4,03%"
"08/07/2024","6.200","6.125","6.200","6.125","11,88M","1,22%"
"05/07/2024","6.125","6.100","6.125","6.075","5,05M","0,82%"
"04/07/2024","6.075","6.100","6.125","6.075","3,88M","-0,41%"
"03/07/2024","6.100","6.100","6.100","6.025","6,80M","0,00%"
"02/07/2024","6.100","6.100","6.125","6.050","6,21M","0,00%"
"01/07/2024","6.100","6.075","6.100","6.025","8,02M","0,41%"
"28/06/2024","6.075","6.000","6.150","6.000","10,54M","0,83%"
"27/06/2024","6.025","5.950","6.050","5.925","6,28M","2,12%"
"26/06/2024","5.900","5.950","5.950","5.875","7,73M","-0,84%"
"25/06/2024","5.950","5.950","5.975","5.875","5,32M","0,42%"
"24/06/2024","5.925","6.025","6.025","5.925","6,29M","-0,84%"
"21/06/2024","5.975","5.925","6.100","5.900","17,31M","0,84%"
"20/06/2024","5.925","5.950","5.950","5.850","8,63M","0,00%"
"19/06/2024","5.925","6.075","6.100","5.850","12,20M","-2,47%"
"14/06/2024","6.075","6.125","6.150","6.025","7,04M","-0,82%"
"13/06/2024","6.125","6.200","6.200","6.100","5,14M","-1,21%"
"12/06/2024","6.200","6.125","6.200","6.100","6,35M","1,22%"
"11/06/2024","6.125","6.150","6.175","6.100","5,40M","-0,81%"
"10/06/2024","6.175","6.225","6.225","6.100","4,21M","-0,40%"
"07/06/2024","6.200","6.200","6.250","6.150","3,73M","0,00%"
"06/06/2024","6.200","6.175","6.200","6.125","5,44M","1,22%"
"05/06/2024","6.125","6.150","6.200","6.100","5,44M","0,41%"
"04/06/2024","6.100","6.050","6.150","6.025","6,44M","0,83%"
"03/06/2024","6.050","5.900","6.050","5.900","11,66M","2,98%"
"31/05/2024","5.875","6.075","6.100","5.875","30,41M","-2,89%"
"30/05/2024","6.050","6.125","6.125","6.025","9,25M","-1,22%"
"29/05/2024","6.125","6.100","6.125","6.050","8,13M","0,00%"
"28/05/2024","6.125","6.125","6.175","6.075","5,51M","0,00%"
"27/05/2024","6.125","6.150","6.175","6.025","9,55M","-0,41%"
"22/05/2024","6.150","6.150","6.175","6.100","3,60M","0,00%"
"21/05/2024","6.150","6.225","6.225","6.100","9,41M","-1,20%"
"20/05/2024","6.225","6.150","6.250","6.150","6,50M","1,22%"
"17/05/2024","6.150","6.150","6.200","6.100","6,99M","0,00%"
"16/05/2024","6.150","6.100","6.175","6.100","8,49M","0,82%"
"15/05/2024","6.100","6.150","6.175","6.050","7,16M","-1,21%"
"14/05/2024","6.175","6.125","6.175","6.075","7,38M","1,23%"
"13/05/2024","6.100","6.175","6.175","6.025","10,17M","-1,61%"
"08/05/2024","6.200","6.175","6.200","6.100","6,84M","0,81%"
"07/05/2024","6.150","6.225","6.250","6.150","4,47M","-1,20%"
"06/05/2024","6.225","6.275","6.275","6.150","5,50M","0,00%"
"03/05/2024","6.225","6.250","6.250","6.125","3,44M","0,00%"
"02/05/2024","6.225","6.250","6.275","6.150","9,81M","-0,40%"
"30/04/2024","6.250","6.200","6.300","6.125","8,89M","1,21%"
"29/04/2024","6.175","6.075","6.175","6.050","5,16M","2,07%"
"26/04/2024","6.050","6.200","6.200","6.050","5,11M","-2,42%"
"25/04/2024","6.200","6.075","6.200","6.050","7,27M","2,48%"
"24/04/2024","6.050","6.050","6.100","6.025","5,02M","0,41%"
"23/04/2024","6.025","6.150","6.150","6.025","7,50M","-2,03%"
"22/04/2024","6.150","6.100","6.150","6.025","8,10M","0,82%"
"19/04/2024","6.100","6.100","6.100","6.025","10,63M","-0,41%"
"18/04/2024","6.125","6.050","6.125","6.050","11,61M","1,24%"
"17/04/2024","6.050","6.175","6.200","6.050","12,13M","-1,63%"
"16/04/2024","6.150","6.300","6.375","6.125","31,10M","-5,38%"
"05/04/2024","6.500","6.500","6.575","6.500","6,93M","0,00%"
"04/04/2024","6.500","6.550","6.550","6.475","4,96M","-0,76%"
"03/04/2024","6.550","6.600","6.600","6.525","10,25M","-0,76%"
"02/04/2024","6.600","6.425","6.600","6.400","12,80M","2,72%"
"01/04/2024","6.425","6.400","6.425","6.325","9,24M","0,78%"
"28/03/2024","6.375","6.325","6.375","6.325","6,14M","0,79%"
"27/03/2024","6.325","6.350","6.375","6.275","9,15M","-0,78%"
"26/03/2024","6.375","6.400","6.400","6.225","14,40M","-1,16%"
"25/03/2024","6.450","6.425","6.500","6.425","5,63M","0,39%"
"22/03/2024","6.425","6.450","6.475","6.400","5,52M","-0,39%"
"21/03/2024","6.450","6.475","6.525","6.425","7,93M","-0,39%"
"20/03/2024","6.475","6.450","6.475","6.425","5,28M","0,78%"
"19/03/2024","6.425","6.450","6.475","6.375","9,57M","-0,39%"
"18/03/2024","6.450","6.450","6.500","6.400","5,24M","0,39%"
"15/03/2024","6.425","6.425","6.500","6.375","21,19M","0,00%"
"14/03/2024","6.425","6.325","6.425","6.300","9,25M","1,98%"
"13/03/2024","6.300","6.350","6.425","6.300","13,16M","-0,79%"
"08/03/2024","6.350","6.375","6.400","6.325","11,80M","0,00%"
"07/03/2024","6.350","6.475","6.500","6.350","11,09M","-2,31%"
"06/03/2024","6.500","6.500","6.550","6.475","4,96M","0,00%"
"05/03/2024","6.500","6.575","6.575","6.475","6,99M","-0,76%"
"04/03/2024","6.550","6.675","6.675","6.550","5,81M","-1,87%"
"01/03/2024","6.675","6.550","6.675","6.550","6,02M","0,75%"
"29/02/2024","6.625","6.625","6.650","6.525","10,81M","0,00%"
"28/02/2024","6.625","6.575","6.625","6.550","2,70M","0,76%"
"27/02/2024","6.575","6.600","6.600","6.525","5,46M","-0,75%"
"26/02/2024","6.625","6.675","6.700","6.550","9,08M","-1,49%"
"23/02/2024","6.725","6.750","6.750","6.625","8,71M","0,00%"
"22/02/2024","6.725","6.600","6.725","6.575","9,49M","1,89%"
"21/02/2024","6.600","6.550","6.600","6.500","10,33M","0,76%"
"20/02/2024","6.550","6.475","6.575","6.475","5,68M","1,16%"
"19/02/2024","6.475","6.450","6.575","6.425","8,43M","0,78%"
"16/02/2024","6.425","6.400","6.475","6.400","5,76M","0,39%"
"15/02/2024","6.400","6.425","6.475","6.375","12,27M","0,79%"
"13/02/2024","6.350","6.400","6.450","6.350","5,49M","-0,78%"
"12/02/2024","6.400","6.350","6.450","6.350","7,08M","0,79%"
"07/02/2024","6.350","6.375","6.450","6.325","10,42M","0,00%"
"06/02/2024","6.350","6.325","6.400","6.300","9,45M","0,79%"
"05/02/2024","6.300","6.400","6.425","6.300","9,87M","-1,56%"
"02/02/2024","6.400","6.350","6.400","6.350","7,36M","0,79%"
"01/02/2024","6.350","6.350","6.450","6.350","10,87M","-0,39%"
"31/01/2024","6.375","6.375","6.425","6.375","9,54M","-0,39%"
"30/01/2024","6.400","6.400","6.425","6.375","4,53M","-0,39%"
"29/01/2024","6.425","6.425","6.425","6.375","6,41M","0,00%"
"26/01/2024","6.425","6.400","6.450","6.375","5,16M","0,39%"
"25/01/2024","6.400","6.450","6.475","6.400","6,87M","-0,78%"
"24/01/2024","6.450","6.400","6.450","6.375","4,09M","0,78%"
"23/01/2024","6.400","6.425","6.425","6.350","7,87M","-0,39%"
"22/01/2024","6.425","6.450","6.475","6.400","7,35M","-0,39%"
"19/01/2024","6.450","6.400","6.475","6.350","7,32M","1,18%"
"18/01/2024","6.375","6.375","6.400","6.325","6,63M","-0,39%"
"17/01/2024","6.400","6.450","6.450","6.350","7,96M","-0,78%"
"16/01/2024","6.450","6.475","6.525","6.425","9,76M","0,00%"
"15/01/2024","6.450","6.400","6.500","6.400","6,60M","1,18%"
"12/01/2024","6.375","6.350","6.400","6.350","5,48M","0,39%"
"11/01/2024","6.350","6.400","6.425","6.350","5,13M","0,00%"
"10/01/2024","6.350","6.375","6.450","6.350","8,21M","-0,39%"
"09/01/2024","6.375","6.400","6.425","6.350","7,19M","-0,39%"
"08/01/2024","6.400","6.450","6.500","6.400","5,58M","-0,78%"
"05/01/2024","6.450","6.475","6.550","6.450","8,99M","0,00%"
"04/01/2024","6.450","6.425","6.500","6.400","5,15M","0,78%"
"03/01/2024","6.400","6.450","6.475","6.400","4,72M","-0,78%"
"02/01/2024","6.450","6.450","6.475","6.375","5,43M","0,00%"
"29/12/2023","6.450","6.475","6.475","6.400","4,94M","0,00%"
"28/12/2023","6.450","6.350","6.500","6.350","8,53M","1,57%"
"27/12/2023","6.350","6.275","6.400","6.275","4,03M","1,20%"
"22/12/2023","6.275","6.300","6.350","6.275","6,71M","0,00%"
"21/12/2023","6.275","6.300","6.325","6.250","5,79M","0,00%"
"20/12/2023","6.275","6.325","6.350","6.275","5,90M","-0,79%"
"19/12/2023","6.325","6.275","6.350","6.250","3,54M","0,80%"
"18/12/2023","6.275","6.325","6.375","6.250","14,59M","-0,79%"
"15/12/2023","6.325","6.350","6.375","6.325","11,99M","-1,17%"
"14/12/2023","6.400","6.400","6.450","6.375","4,69M","0,00%"
"13/12/2023","6.400","6.400","6.425","6.350","3,85M","-0,39%"
"12/12/2023","6.425","6.375","6.425","6.350","3,05M","0,78%"
"11/12/2023","6.375","6.400","6.400","6.325","4,43M","-0,39%"
"08/12/2023","6.400","6.400","6.425","6.325","7,28M","-0,78%"
"07/12/2023","6.450","6.500","6.500","6.400","5,41M","-0,77%"
"06/12/2023","6.500","6.450","6.625","6.425","10,24M","0,39%"
"05/12/2023","6.475","6.375","6.475","6.350","7,96M","1,97%"
"04/12/2023","6.350","6.350","6.400","6.325","6,68M","0,40%"
"01/12/2023","6.325","6.425","6.425","6.300","10,27M","-1,56%"
"30/11/2023","6.425","6.375","6.425","6.275","27,47M","0,00%"
"29/11/2023","6.425","6.400","6.450","6.375","4,53M","0,78%"
"28/11/2023","6.375","6.400","6.450","6.375","5,77M","-0,39%"
"27/11/2023","6.400","6.425","6.500","6.400","5,36M","-0,39%"
"24/11/2023","6.425","6.350","6.425","6.350","2,14M","1,18%"
"23/11/2023","6.350","6.375","6.425","6.325","4,27M","0,00%"
"22/11/2023","6.350","6.425","6.425","6.350","5,32M","-1,17%"
"21/11/2023","6.425","6.425","6.450","6.350","4,18M","0,39%"
"20/11/2023","6.400","6.450","6.475","6.400","3,20M","-0,39%"
"17/11/2023","6.425","6.450","6.450","6.350","4,21M","-0,39%"
"16/11/2023","6.450","6.450","6.475","6.350","5,84M","0,39%"
"15/11/2023","6.425","6.425","6.475","6.425","4,64M","0,78%"
"14/11/2023","6.375","6.450","6.500","6.375","4,05M","-1,16%"
"13/11/2023","6.450","6.350","6.450","6.325","6,18M","1,98%"
"10/11/2023","6.325","6.325","6.375","6.300","4,84M","0,00%"
"09/11/2023","6.325","6.350","6.400","6.300","4,71M","-0,39%"
"08/11/2023","6.350","6.375","6.400","6.225","9,50M","-0,39%"
"07/11/2023","6.375","6.350","6.400","6.325","8,64M","0,39%"
"06/11/2023","6.350","6.375","6.425","6.325","11,67M","-0,39%"
"03/11/2023","6.375","6.500","6.550","6.325","17,26M","-1,54%"
"02/11/2023","6.475","6.700","6.700","6.475","14,73M","-2,63%"
"01/11/2023","6.650","6.700","6.950","6.600","17,10M","0,00%"
"31/10/2023","6.650","6.725","6.750","6.600","5,30M","-1,12%"
"30/10/2023","6.725","6.750","6.775","6.625","7,56M","-0,37%"
"27/10/2023","6.750","6.750","6.800","6.700","3,88M","0,00%"
"26/10/2023","6.750","6.750","6.825","6.625","13,44M","0,00%"
"25/10/2023","6.750","6.725","6.825","6.725","3,31M","0,37%"
"24/10/2023","6.725","6.600","6.800","6.600","5,38M","1,89%"
"23/10/2023","6.600","6.700","6.725","6.600","6,39M","-1,12%"
"20/10/2023","6.675","6.725","6.750","6.650","6,09M","-1,11%"
"19/10/2023","6.750","6.800","6.800","6.700","8,55M","-0,74%"
"18/10/2023","6.800","6.850","6.850","6.750","7,38M","-0,73%"
"17/10/2023","6.850","6.750","6.850","6.725","6,09M","1,86%"
"16/10/2023","6.725","6.700","6.775","6.675","7,11M","0,37%"
"13/10/2023","6.700","6.750","6.775","6.700","3,87M","-0,37%"
"12/10/2023","6.725","6.750","6.850","6.725","7,31M","-0,37%"
"11/10/2023","6.750","6.825","6.900","6.750","14,47M","-0,74%"
"10/10/2023","6.800","6.900","6.950","6.800","4,76M","-0,73%"
"09/10/2023","6.850","6.900","6.925","6.800","6,43M","-0,36%"
"06/10/2023","6.875","6.925","7.100","6.850","11,94M","0,00%"
"05/10/2023","6.875","6.775","6.975","6.725","15,36M","1,85%"
"04/10/2023","6.750","6.725","6.775","6.675","10,50M","0,37%"
"03/10/2023","6.725","6.750","6.825","6.725","8,20M","-0,37%"
"02/10/2023","6.750","6.625","6.800","6.625","6,08M","1,89%"
"29/09/2023","6.625","6.750","6.775","6.625","10,80M","-1,85%"
"27/09/2023","6.750","6.700","6.775","6.650","6,31M","0,75%"
"26/09/2023","6.700","6.775","6.800","6.700","8,02M","-1,11%"
"25/09/2023","6.775","6.800","6.825","6.700","11,16M","0,00%"
"22/09/2023","6.775","6.700","6.800","6.700","8,64M","1,12%"
"21/09/2023","6.700","6.800","6.875","6.650","14,28M","-1,47%"
"20/09/2023","6.800","6.675","6.925","6.675","13,56M","1,87%"
"19/09/2023","6.675","6.600","6.700","6.600","5,23M","1,14%"
"18/09/2023","6.600","6.750","6.750","6.575","10,49M","-2,22%"
"15/09/2023","6.750","6.700","6.750","6.650","16,27M","0,75%"
"14/09/2023","6.700","6.850","6.875","6.700","14,77M","-2,90%"
"13/09/2023","6.900","6.850","6.900","6.800","7,50M","0,73%"
"12/09/2023","6.850","6.975","6.975","6.825","7,69M","-1,44%"
"11/09/2023","6.950","6.925","6.950","6.875","4,05M","0,36%"
"08/09/2023","6.925","6.975","6.975","6.875","6,63M","-0,36%"
"07/09/2023","6.950","6.875","6.950","6.850","11,39M","1,09%"
"06/09/2023","6.875","6.850","6.900","6.825","11,38M","0,36%"
"05/09/2023","6.850","6.900","6.900","6.825","9,10M","-0,72%"
"04/09/2023","6.900","7.000","7.050","6.875","10,76M","-1,43%"
"01/09/2023","7.000","7.100","7.100","7.000","7,09M","-1,41%"
"31/08/2023","7.100","7.050","7.100","7.025","8,34M","0,71%"
"30/08/2023","7.050","7.150","7.175","7.025","6,22M","-1,40%"
"29/08/2023","7.150","7.150","7.200","7.100","7,99M","0,70%"
"28/08/2023","7.100","7.125","7.175","7.075","3,67M","-0,35%"
"25/08/2023","7.125","7.025","7.150","7.000","6,99M","1,42%"
"24/08/2023","7.025","7.075","7.125","7.025","5,01M","-0,71%"
"23/08/2023","7.075","7.000","7.150","7.000","8,11M","1,07%"
"22/08/2023","7.000","6.975","7.050","6.975","3,01M","0,00%"
"21/08/2023","7.000","7.050","7.050","6.950","7,69M","-0,71%"
"18/08/2023","7.050","7.050","7.100","7.000","6,53M","-0,70%"
"16/08/2023","7.100","7.000","7.100","6.975","7,71M","1,43%"
"15/08/2023","7.000","7.050","7.050","6.950","5,21M","-0,71%"
"14/08/2023","7.050","7.050","7.075","6.975","9,92M","0,00%"
"11/08/2023","7.050","7.100","7.100","7.000","10,64M","-0,35%"
"10/08/2023","7.075","6.975","7.100","6.975","11,47M","1,43%"
"09/08/2023","6.975","7.000","7.000","6.925","8,38M","-0,36%"
"08/08/2023","7.000","7.025","7.100","6.975","11,76M","-1,06%"
"07/08/2023","7.075","7.100","7.125","7.050","6,72M","0,35%"
"04/08/2023","7.050","7.050","7.100","7.000","3,23M","0,00%"
"03/08/2023","7.050","7.050","7.125","7.000","7,67M","0,00%"
"02/08/2023","7.050","7.000","7.050","6.900","10,48M","0,71%"
"01/08/2023","7.000","7.275","7.275","7.000","15,28M","-4,44%"
"31/07/2023","7.325","7.325","7.375","7.250","10,23M","0,00%"
"28/07/2023","7.325","7.275","7.325","7.200","6,68M","1,03%"
"27/07/2023","7.250","7.175","7.325","7.175","4,79M","1,05%"
"26/07/2023","7.175","7.175","7.250","7.150","6,79M","0,00%"
"25/07/2023","7.175","7.325","7.325","7.175","7,64M","-1,37%"
"24/07/2023","7.275","7.350","7.350","7.275","2,61M","-0,68%"
"21/07/2023","7.325","7.325","7.350","7.250","4,12M","0,00%"
"20/07/2023","7.325","7.350","7.375","7.250","4,84M","-0,34%"
"18/07/2023","7.350","7.325","7.350","7.225","5,79M","0,68%"
"17/07/2023","7.300","7.425","7.450","7.300","8,10M","-2,01%"
"14/07/2023","7.450","7.475","7.550","7.425","8,08M","0,00%"
"13/07/2023","7.450","7.400","7.525","7.400","13,44M","0,68%"
"12/07/2023","7.400","7.325","7.475","7.275","7,08M","1,37%"
"11/07/2023","7.300","7.250","7.325","7.250","6,80M","0,69%"
"10/07/2023","7.250","7.300","7.325","7.250","5,04M","-0,34%"
"07/07/2023","7.275","7.300","7.350","7.225","13,72M","-2,35%"
"06/07/2023","7.450","7.425","7.475","7.375","18,39M","0,34%"
"05/07/2023","7.425","7.375","7.475","7.350","9,38M","0,68%"
"04/07/2023","7.375","7.275","7.375","7.250","7,37M","1,72%"
"03/07/2023","7.250","7.350","7.375","7.225","13,04M","-1,36%"
"27/06/2023","7.350","7.350","7.350","7.250","5,12M","0,34%"
"26/06/2023","7.325","7.350","7.425","7.300","10,30M","0,34%"
"23/06/2023","7.300","7.250","7.400","7.250","6,85M","1,04%"
"22/06/2023","7.225","7.375","7.400","7.225","6,93M","-2,03%"
"21/06/2023","7.375","7.175","7.400","7.175","9,87M","3,15%"
"20/06/2023","7.150","7.375","7.375","7.125","15,72M","-3,38%"
"19/06/2023","7.400","7.275","7.400","7.275","12,73M","1,72%"
"16/06/2023","7.275","7.425","7.475","7.275","20,76M","-2,35%"
"15/06/2023","7.450","7.450","7.475","7.400","6,01M","0,34%"
"14/06/2023","7.425","7.350","7.450","7.350","7,03M","1,02%"
"13/06/2023","7.350","7.475","7.475","7.350","6,91M","-1,34%"
"12/06/2023","7.450","7.450","7.475","7.425","9,20M","0,34%"
"09/06/2023","7.425","7.325","7.475","7.325","7,96M","0,00%"
"08/06/2023","7.425","7.500","7.500","7.375","7,13M","-0,34%"
"07/06/2023","7.450","7.425","7.475","7.400","12,32M","1,02%"
"06/06/2023","7.375","7.275","7.475","7.250","20,43M","1,72%"
"05/06/2023","7.250","7.200","7.275","7.150","16,15M","2,11%"
"31/05/2023","7.100","7.175","7.275","7.100","19,68M","-0,70%"
"30/05/2023","7.150","7.175","7.200","7.150","4,83M","-0,69%"
"29/05/2023","7.200","7.200","7.275","7.125","8,78M","0,00%"
"26/05/2023","7.200","7.100","7.250","7.100","12,86M","1,41%"
"25/05/2023","7.100","6.975","7.175","6.950","16,68M","2,16%"
"24/05/2023","6.950","6.950","6.975","6.875","8,63M","0,00%"
"23/05/2023","6.950","6.900","6.975","6.900","14,41M","0,72%"
"22/05/2023","6.900","6.950","7.000","6.875","9,93M","-0,72%"
"19/05/2023","6.950","6.800","6.950","6.775","11,38M","2,21%"
"17/05/2023","6.800","6.825","6.850","6.725","8,44M","-0,37%"
"16/05/2023","6.825","6.725","6.850","6.700","13,00M","1,49%"
"15/05/2023","6.725","6.725","6.775","6.675","6,32M","0,00%"
"12/05/2023","6.725","6.800","6.800","6.700","7,27M","-1,10%"
"11/05/2023","6.800","6.900","6.900","6.750","4,96M","-1,45%"
"10/05/2023","6.900","6.850","6.900","6.800","8,70M","1,10%"
"09/05/2023","6.825","6.875","6.900","6.775","9,12M","-0,73%"
"08/05/2023","6.875","6.700","6.875","6.675","15,96M","2,61%"
"05/05/2023","6.700","6.650","6.700","6.575","5,94M","1,13%"
"04/05/2023","6.625","6.600","6.700","6.550","12,34M","-0,38%"
"03/05/2023","6.650","6.775","6.800","6.550","18,86M","2,31%"
"02/05/2023","6.500","6.475","6.500","6.400","8,93M","0,78%"
"28/04/2023","6.450","6.425","6.500","6.400","11,95M","0,39%"
"27/04/2023","6.425","6.475","6.500","6.375","8,31M","-1,15%"
"26/04/2023","6.500","6.400","6.500","6.375","14,10M","2,36%"
"18/04/2023","6.350","6.400","6.400","6.325","4,93M","0,40%"
"17/04/2023","6.325","6.325","6.400","6.275","10,79M","0,40%"
"14/04/2023","6.300","6.275","6.400","6.275","7,08M","0,40%"
"13/04/2023","6.275","6.300","6.325","6.275","4,00M","0,00%"
"12/04/2023","6.275","6.325","6.350","6.250","6,32M","-1,18%"
"11/04/2023","6.350","6.325","6.350","6.250","4,14M","0,40%"
"10/04/2023","6.325","6.275","6.325","6.200","4,64M","1,20%"
"06/04/2023","6.250","6.300","6.350","6.250","6,68M","-0,40%"
"05/04/2023","6.275","6.375","6.375","6.275","6,61M","-1,18%"
"04/04/2023","6.350","6.175","6.350","6.175","6,10M","2,83%"
"03/04/2023","6.175","6.200","6.250","6.175","6,30M","-0,40%"
"31/03/2023","6.200","6.400","6.425","6.200","15,21M","-3,13%"
"30/03/2023","6.400","6.400","6.475","6.350","7,31M","0,79%"
"29/03/2023","6.350","6.400","6.475","6.350","7,60M","-0,39%"
"28/03/2023","6.375","6.375","6.450","6.350","6,39M","0,00%"
"27/03/2023","6.375","6.425","6.425","6.350","7,33M","0,79%"
"24/03/2023","6.325","6.200","6.400","6.175","12,27M","3,27%"
"21/03/2023","6.125","6.225","6.225","6.125","6,11M","-1,21%"
"20/03/2023","6.200","6.125","6.200","6.125","2,33M","1,22%"
"17/03/2023","6.125","6.150","6.225","6.100","12,01M","-0,41%"
"16/03/2023","6.150","6.100","6.175","6.050","3,19M","0,82%"
"15/03/2023","6.100","6.175","6.225","6.100","5,09M","-1,21%"
"14/03/2023","6.175","6.150","6.225","6.125","7,09M","0,82%"
"13/03/2023","6.125","6.125","6.225","6.100","5,18M","0,00%"
"10/03/2023","6.125","6.150","6.200","6.100","5,47M","-0,41%"
"09/03/2023","6.150","6.175","6.250","6.150","5,79M","0,00%"
"08/03/2023","6.150","6.250","6.275","6.150","8,06M","-1,60%"
"07/03/2023","6.250","6.250","6.325","6.200","7,21M","0,00%"
"06/03/2023","6.250","6.300","6.325","6.250","5,13M","-0,40%"
"03/03/2023","6.275","6.250","6.325","6.250","7,91M","0,40%"
"02/03/2023","6.250","6.300","6.350","6.250","9,68M","-0,40%"
"01/03/2023","6.275","6.475","6.500","6.275","14,77M","-3,09%"
"28/02/2023","6.475","6.600","6.600","6.475","15,81M","-1,89%"
"27/02/2023","6.600","6.575","6.600","6.525","5,48M","0,38%"
"24/02/2023","6.575","6.575","6.625","6.550","3,32M","0,00%"
"23/02/2023","6.575","6.600","6.625","6.550","4,02M","-0,38%"
"22/02/2023","6.600","6.525","6.600","6.525","4,01M","1,15%"
"21/02/2023","6.525","6.600","6.625","6.525","6,34M","-1,51%"
"20/02/2023","6.625","6.550","6.625","6.550","4,76M","0,38%"
"17/02/2023","6.600","6.600","6.600","6.500","9,86M","0,00%"
"16/02/2023","6.600","6.675","6.675","6.600","5,56M","-1,12%"
"15/02/2023","6.675","6.700","6.750","6.600","8,82M","-1,11%"
"14/02/2023","6.750","6.725","6.800","6.700","4,04M","0,37%"
"13/02/2023","6.725","6.850","6.875","6.725","5,15M","-2,54%"
"10/02/2023","6.900","6.775","6.900","6.700","6,43M","1,85%"
"09/02/2023","6.775","6.800","6.825","6.750","3,70M","-0,37%"
"08/02/2023","6.800","6.700","6.800","6.675","6,70M","1,87%"
"07/02/2023","6.675","6.675","6.700","6.625","3,10M","0,00%"
"06/02/2023","6.675","6.700","6.725","6.600","5,73M","-0,37%"
"03/02/2023","6.700","6.625","6.725","6.600","7,04M","1,52%"
"02/02/2023","6.600","6.650","6.675","6.575","10,46M","-0,75%"
"01/02/2023","6.650","6.700","6.725","6.625","6,70M","-1,12%"
"31/01/2023","6.725","6.800","6.850","6.650","10,68M","-1,10%"
"30/01/2023","6.800","6.700","6.800","6.675","6,87M","1,49%"
"27/01/2023","6.700","6.700","6.775","6.675","9,35M","0,00%"
"26/01/2023","6.700","6.800","6.850","6.700","7,87M","-1,47%"
"25/01/2023","6.800","6.925","6.950","6.800","3,35M","-1,81%"
"24/01/2023","6.925","6.875","6.925","6.825","2,47M","0,73%"
"20/01/2023","6.875","6.875","6.900","6.775","7,49M","0,00%"
"19/01/2023","6.875","6.900","6.950","6.850","4,58M","-1,08%"
"18/01/2023","6.950","6.825","6.950","6.800","8,66M","1,83%"
"17/01/2023","6.825","6.725","6.875","6.700","10,51M","1,87%"
"16/01/2023","6.700","6.675","6.725","6.625","4,94M","0,00%"
"13/01/2023","6.700","6.625","6.700","6.500","10,15M","1,13%"
"12/01/2023","6.625","6.675","6.700","6.600","4,89M","-0,75%"
"11/01/2023","6.675","6.675","6.725","6.525","10,30M","0,00%"
"10/01/2023","6.675","6.900","6.900","6.600","13,27M","-3,96%"
"09/01/2023","6.950","6.950","7.000","6.800","6,66M","0,00%"
"06/01/2023","6.950","6.850","6.950","6.725","6,81M","1,46%"
"05/01/2023","6.850","6.875","6.875","6.775","7,89M","0,00%"
"04/01/2023","6.850","6.750","6.925","6.750","5,51M","1,48%"
"03/01/2023","6.750","6.750","6.850","6.750","3,94M","-0,37%"
"02/01/2023","6.775","6.725","6.825","6.725","2,00M","0,74%"
"30/12/2022","6.725","6.800","6.800","6.700","3,50M","-1,10%"
"29/12/2022","6.800","6.700","6.800","6.700","4,04M","1,12%"
"28/12/2022","6.725","6.800","6.850","6.675","5,90M","-1,10%"
"27/12/2022","6.800","6.875","6.900","6.800","2,18M","-1,09%"
"26/12/2022","6.875","6.775","6.875","6.775","1,60M","0,73%"
"23/12/2022","6.825","6.800","6.875","6.750","3,65M","0,37%"
"22/12/2022","6.800","6.900","6.925","6.800","2,85M","-1,45%"
"21/12/2022","6.900","6.975","6.975","6.850","2,38M","-1,08%"
"20/12/2022","6.975","6.975","6.975","6.850","4,38M","-0,36%"
"19/12/2022","7.000","6.950","7.000","6.850","5,65M","0,72%"
"16/12/2022","6.950","6.950","7.000","6.900","11,36M","-0,36%"
"15/12/2022","6.975","6.950","7.000","6.900","6,09M","0,36%"
"14/12/2022","6.950","6.925","7.000","6.900","8,34M","0,36%"
"13/12/2022","6.925","6.975","6.975","6.850","5,53M","-0,72%"
"12/12/2022","6.975","6.925","7.000","6.825","10,13M","0,72%"
"09/12/2022","6.925","6.875","6.950","6.825","11,85M","0,36%"
"08/12/2022","6.900","6.850","6.900","6.750","11,01M","0,73%"
"07/12/2022","6.850","6.750","6.850","6.725","11,42M","1,11%"
"06/12/2022","6.775","6.775","6.775","6.650","10,50M","0,00%"
"05/12/2022","6.775","6.775","6.775","6.675","6,56M","0,00%"
"02/12/2022","6.775","6.675","6.800","6.550","18,87M","1,50%"
"01/12/2022","6.675","6.550","6.700","6.525","21,55M","3,49%"
"30/11/2022","6.450","6.325","6.500","6.325","18,17M","1,98%"
"29/11/2022","6.325","6.275","6.375","6.275","5,78M","0,80%"
"28/11/2022","6.275","6.325","6.350","6.250","6,75M","-0,79%"
"25/11/2022","6.325","6.400","6.425","6.300","5,90M","-1,56%"
"24/11/2022","6.425","6.450","6.525","6.400","4,43M","-0,39%"
"23/11/2022","6.450","6.475","6.500","6.400","4,54M","0,00%"
"22/11/2022","6.450","6.525","6.525","6.450","4,38M","-1,15%"
"21/11/2022","6.525","6.500","6.550","6.475","4,90M","0,38%"
"18/11/2022","6.500","6.500","6.525","6.450","3,20M","-0,38%"
"17/11/2022","6.525","6.500","6.525","6.450","5,72M","0,38%"
"16/11/2022","6.500","6.500","6.500","6.400","5,25M","0,00%"
"15/11/2022","6.500","6.475","6.500","6.400","4,38M","0,39%"
"14/11/2022","6.475","6.425","6.475","6.375","4,46M","1,17%"
"11/11/2022","6.400","6.500","6.500","6.375","6,38M","-1,16%"
"10/11/2022","6.475","6.550","6.550","6.400","5,84M","-1,15%"
"09/11/2022","6.550","6.475","6.550","6.425","9,50M","1,16%"
"08/11/2022","6.475","6.550","6.550","6.400","4,85M","-0,38%"
"07/11/2022","6.500","6.450","6.500","6.375","7,71M","0,78%"
"04/11/2022","6.450","6.350","6.450","6.350","6,94M","1,18%"
"03/11/2022","6.375","6.400","6.425","6.325","5,76M","-0,78%"
"02/11/2022","6.425","6.425","6.450","6.350","6,89M","-0,39%"
"01/11/2022","6.450","6.450","6.475","6.350","9,53M","0,00%"
"31/10/2022","6.450","6.375","6.475","6.375","13,08M","1,18%"
"28/10/2022","6.375","6.350","6.375","6.300","9,18M","1,19%"
"27/10/2022","6.300","6.325","6.350","6.275","8,56M","-0,40%"
"26/10/2022","6.325","6.275","6.350","6.225","9,40M","2,02%"
"25/10/2022","6.200","6.300","6.325","6.200","11,87M","-1,59%"
"24/10/2022","6.300","6.300","6.350","6.275","7,06M","0,40%"
"21/10/2022","6.275","6.350","6.375","6.275","7,35M","-1,18%"
"20/10/2022","6.350","6.225","6.350","6.200","12,80M","2,01%"
"19/10/2022","6.225","6.200","6.250","6.125","12,96M","0,81%"
"18/10/2022","6.175","6.150","6.175","6.100","7,91M","0,82%"
"17/10/2022","6.125","6.050","6.150","6.025","10,68M","1,24%"
"14/10/2022","6.050","6.075","6.100","6.050","5,96M","0,00%"
"13/10/2022","6.050","6.100","6.125","6.025","7,81M","-0,41%"
"12/10/2022","6.075","6.125","6.125","6.025","5,41M","-0,82%"
"11/10/2022","6.125","6.100","6.150","6.050","6,20M","0,00%"
"10/10/2022","6.125","6.075","6.150","6.050","6,18M","0,82%"
"07/10/2022","6.075","6.075","6.125","6.025","6,91M","-0,41%"
"06/10/2022","6.100","6.100","6.100","6.050","5,07M","1,24%"
"05/10/2022","6.025","6.100","6.150","6.025","8,32M","-0,41%"
"04/10/2022","6.050","6.050","6.125","6.025","8,70M","0,41%"
"03/10/2022","6.025","6.025","6.100","6.025","5,29M","0,00%"
"30/09/2022","6.025","6.050","6.175","6.025","12,14M","0,00%"
"29/09/2022","6.025","6.100","6.150","6.025","7,21M","-1,23%"
"28/09/2022","6.100","6.150","6.150","6.100","13,29M","-0,81%"
"27/09/2022","6.150","6.200","6.225","6.125","9,55M","-0,81%"
"26/09/2022","6.200","6.225","6.250","6.150","8,77M","0,00%"
"23/09/2022","6.200","6.250","6.275","6.200","6,65M","-0,80%"
"22/09/2022","6.250","6.225","6.250","6.175","6,20M","0,00%"
"21/09/2022","6.250","6.200","6.250","6.200","7,20M","0,81%"
"20/09/2022","6.200","6.250","6.275","6.200","6,63M","0,00%"
"19/09/2022","6.200","6.275","6.275","6.200","9,07M","-1,59%"
"16/09/2022","6.300","6.150","6.300","6.150","18,16M","2,02%"
"15/09/2022","6.175","6.225","6.250","6.175","15,58M","-0,80%"
"14/09/2022","6.225","6.200","6.250","6.150","8,91M","0,40%"
"13/09/2022","6.200","6.225","6.300","6.200","9,24M","-0,40%"
"12/09/2022","6.225","6.200","6.275","6.175","10,78M","0,00%"
"09/09/2022","6.225","6.300","6.325","6.200","14,64M","-0,40%"
"08/09/2022","6.250","6.350","6.350","6.250","10,36M","-0,79%"
"07/09/2022","6.300","6.325","6.375","6.275","10,50M","-0,79%"
"06/09/2022","6.350","6.375","6.425","6.325","6,56M","-0,39%"
"05/09/2022","6.375","6.400","6.450","6.325","9,18M","-0,39%"
"02/09/2022","6.400","6.325","6.425","6.300","12,31M","1,99%"
"01/09/2022","6.275","6.225","6.375","6.225","13,69M","0,80%"
"31/08/2022","6.225","6.300","6.350","6.200","28,44M","-4,23%"
"30/08/2022","6.500","6.625","6.625","6.500","5,71M","-1,89%"
"29/08/2022","6.625","6.475","6.625","6.450","5,17M","1,92%"
"26/08/2022","6.500","6.550","6.600","6.500","6,22M","-1,14%"
"25/08/2022","6.575","6.650","6.675","6.575","4,79M","-1,13%"
"24/08/2022","6.650","6.650","6.650","6.575","5,24M","0,00%"
"23/08/2022","6.650","6.650","6.650","6.600","4,81M","0,00%"
"22/08/2022","6.650","6.550","6.650","6.550","6,05M","1,14%"
"19/08/2022","6.575","6.600","6.650","6.575","9,67M","0,00%"
"18/08/2022","6.575","6.550","6.600","6.500","10,41M","0,38%"
"16/08/2022","6.550","6.625","6.650","6.450","15,97M","-1,13%"
"15/08/2022","6.625","6.625","6.625","6.550","3,71M","0,00%"
"12/08/2022","6.625","6.650","6.650","6.575","7,14M","0,38%"
"11/08/2022","6.600","6.650","6.650","6.600","7,55M","-0,38%"
"10/08/2022","6.625","6.550","6.625","6.500","11,88M","1,15%"
"09/08/2022","6.550","6.625","6.675","6.550","10,86M","-1,13%"
"08/08/2022","6.625","6.600","6.650","6.550","9,52M","0,00%"
"05/08/2022","6.625","6.650","6.675","6.550","10,51M","-0,38%"
"04/08/2022","6.650","6.550","6.650","6.550","11,66M","1,14%"
"03/08/2022","6.575","6.675","6.675","6.525","10,94M","-1,87%"
"02/08/2022","6.700","6.700","6.750","6.625","11,73M","-2,90%"
"01/08/2022","6.900","6.825","6.925","6.825","14,29M","1,47%"
"29/07/2022","6.800","6.900","6.925","6.800","17,09M","-1,45%"
"28/07/2022","6.900","6.950","7.000","6.875","13,85M","-1,43%"
"27/07/2022","7.000","7.000","7.025","6.925","7,77M","0,00%"
"26/07/2022","7.000","7.025","7.050","6.950","6,31M","-0,36%"
"25/07/2022","7.025","7.050","7.075","7.000","4,36M","-0,35%"
"22/07/2022","7.050","7.175","7.200","7.050","3,70M","-1,74%"
"21/07/2022","7.175","7.125","7.200","7.050","12,52M","1,06%"
"20/07/2022","7.100","7.150","7.175","7.075","9,15M","-0,70%"
"19/07/2022","7.150","7.050","7.150","7.050","10,57M","1,42%"
"18/07/2022","7.050","6.900","7.050","6.875","8,35M","2,17%"
"15/07/2022","6.900","6.925","6.950","6.825","4,24M","-0,36%"
"14/07/2022","6.925","6.825","6.950","6.800","7,61M","1,47%"
"13/07/2022","6.825","7.000","7.000","6.800","10,98M","-3,19%"
"12/07/2022","7.050","7.050","7.100","6.975","5,21M","0,36%"
"11/07/2022","7.025","7.000","7.025","6.925","2,96M","0,00%"
"08/07/2022","7.025","6.950","7.025","6.925","5,32M","1,81%"
"07/07/2022","6.900","7.000","7.025","6.900","6,75M","-1,43%"
"06/07/2022","7.000","6.925","7.000","6.800","6,84M","1,08%"
"05/07/2022","6.925","6.850","7.025","6.850","7,72M","1,47%"
"04/07/2022","6.825","7.025","7.050","6.725","8,58M","-2,85%"
"01/07/2022","7.025","7.050","7.100","6.975","6,19M","-0,35%"
"30/06/2022","7.050","7.075","7.150","7.025","12,21M","-0,70%"
"29/06/2022","7.100","7.225","7.225","7.075","8,80M","-2,07%"
"28/06/2022","7.250","7.175","7.250","7.125","12,18M","0,69%"
"27/06/2022","7.200","7.075","7.200","7.000","9,67M","1,77%"
"24/06/2022","7.075","7.150","7.175","7.000","15,93M","-0,70%"
"23/06/2022","7.125","7.000","7.125","6.925","18,14M","2,15%"
"22/06/2022","6.975","6.925","7.000","6.850","14,87M","1,45%"
"21/06/2022","6.875","6.900","6.950","6.850","7,17M","-0,36%"
"20/06/2022","6.900","6.800","6.900","6.725","10,91M","1,10%"
"17/06/2022","6.825","6.700","6.825","6.650","20,37M","0,37%"
"16/06/2022","6.800","6.800","6.850","6.700","8,84M","0,00%"
"15/06/2022","6.800","6.850","6.875","6.750","8,01M","-1,09%"
"14/06/2022","6.875","6.800","6.875","6.650","11,89M","0,73%"
"13/06/2022","6.825","6.775","6.850","6.625","12,82M","-0,73%"
"10/06/2022","6.875","6.825","6.875","6.775","7,71M","0,00%"
"09/06/2022","6.875","6.975","6.975","6.800","15,63M","-1,43%"
"08/06/2022","6.975","6.975","7.000","6.875","14,01M","0,72%"
"07/06/2022","6.925","6.900","6.975","6.825","14,44M","0,00%"
"06/06/2022","6.925","6.700","6.925","6.675","27,81M","3,75%"
"03/06/2022","6.675","6.700","6.700","6.600","12,17M","-0,37%"
"02/06/2022","6.700","6.700","6.700","6.575","19,44M","1,52%"
"31/05/2022","6.600","6.450","6.600","6.400","20,68M","2,33%"
"30/05/2022","6.450","6.475","6.475","6.375","4,04M","0,39%"
"27/05/2022","6.425","6.400","6.450","6.325","8,67M","0,39%"
"25/05/2022","6.400","6.275","6.400","6.250","8,16M","1,99%"
"24/05/2022","6.275","6.400","6.425","6.275","8,92M","-1,95%"
"23/05/2022","6.400","6.425","6.475","6.300","11,79M","-0,78%"
"20/05/2022","6.450","6.450","6.475","6.400","5,77M","0,00%"
"19/05/2022","6.450","6.425","6.500","6.375","13,30M","-0,77%"
"18/05/2022","6.500","6.500","6.500","6.400","6,96M","0,00%"
"17/05/2022","6.500","6.400","6.500","6.375","13,57M","0,78%"
"13/05/2022","6.450","6.375","6.500","6.325","16,62M","0,78%"
"12/05/2022","6.400","6.475","6.525","6.350","14,64M","-0,78%"
"11/05/2022","6.450","6.400","6.550","6.400","22,88M","0,78%"
"10/05/2022","6.400","6.100","6.400","6.025","22,21M","4,49%"
"09/05/2022","6.125","6.225","6.275","6.000","21,83M","-2,78%"
"28/04/2022","6.300","6.375","6.375","6.300","9,01M","-0,79%"
"27/04/2022","6.350","6.300","6.400","6.250","10,37M","0,79%"
"26/04/2022","6.300","6.300","6.375","6.225","12,66M","0,00%"
"25/04/2022","6.300","6.250","6.350","6.225","9,51M","0,00%"
"22/04/2022","6.300","6.250","6.325","6.200","14,60M","0,80%"
"21/04/2022","6.250","6.200","6.325","6.200","12,42M","0,40%"
"20/04/2022","6.225","6.225","6.275","6.200","12,88M","0,40%"
"19/04/2022","6.200","6.125","6.200","6.100","6,00M","1,22%"
"18/04/2022","6.125","6.125","6.200","6.075","8,82M","0,00%"
"14/04/2022","6.125","6.200","6.225","6.125","5,82M","-1,21%"
"13/04/2022","6.200","6.150","6.200","6.075","11,09M","0,81%"
"12/04/2022","6.150","6.075","6.150","6.000","9,35M","1,23%"
"11/04/2022","6.075","6.125","6.150","6.025","6,76M","-0,82%"
"08/04/2022","6.125","6.175","6.175","6.075","9,29M","0,41%"
"07/04/2022","6.100","6.075","6.175","6.025","11,71M","0,00%"
"06/04/2022","6.100","6.100","6.100","6.000","10,92M","0,00%"
"05/04/2022","6.100","6.100","6.100","6.025","6,11M","0,00%"
"04/04/2022","6.100","6.050","6.100","6.025","10,17M","0,83%"
"01/04/2022","6.050","5.975","6.050","5.950","11,89M","1,68%"
"31/03/2022","5.950","6.000","6.025","5.925","11,81M","0,42%"
"30/03/2022","5.925","5.875","5.950","5.850","11,30M","1,72%"
"29/03/2022","5.825","5.850","5.900","5.800","11,35M","0,43%"
"28/03/2022","5.800","5.750","5.825","5.725","15,89M","0,43%"
"25/03/2022","5.775","5.950","5.950","5.775","21,81M","-2,94%"
"24/03/2022","5.950","6.000","6.000","5.925","9,61M","-0,42%"
"23/03/2022","5.975","6.000","6.050","5.975","5,43M","-0,83%"
"22/03/2022","6.025","5.975","6.050","5.975","6,93M","0,84%"
"21/03/2022","5.975","6.050","6.075","5.950","6,48M","-0,83%"
"18/03/2022","6.025","6.125","6.150","5.975","15,85M","-1,63%"
"17/03/2022","6.125","6.150","6.200","6.100","7,42M","-0,41%"
"16/03/2022","6.150","6.050","6.150","6.025","7,73M","1,65%"
"15/03/2022","6.050","6.100","6.150","6.000","8,83M","-0,82%"
"14/03/2022","6.100","6.050","6.200","6.025","8,13M","0,83%"
"11/03/2022","6.050","6.075","6.075","5.975","5,35M","-0,41%"
"10/03/2022","6.075","6.025","6.075","5.950","8,02M","2,10%"
"09/03/2022","5.950","5.975","6.000","5.925","8,87M","0,42%"
"08/03/2022","5.925","5.750","6.000","5.725","20,44M","3,49%"
"07/03/2022","5.725","6.050","6.050","5.725","35,63M","-5,76%"
"04/03/2022","6.075","6.150","6.200","6.050","14,79M","-2,02%"
"02/03/2022","6.200","6.175","6.250","6.100","14,05M","0,40%"
"01/03/2022","6.175","6.225","6.275","6.175","15,67M","-0,40%"
"25/02/2022","6.200","6.300","6.350","6.200","24,14M","-1,98%"
"24/02/2022","6.325","6.375","6.400","6.250","8,36M","-1,17%"
"23/02/2022","6.400","6.400","6.425","6.300","6,86M","0,00%"
"22/02/2022","6.400","6.275","6.400","6.275","7,47M","1,99%"
"21/02/2022","6.275","6.375","6.375","6.275","8,71M","-1,57%"
"18/02/2022","6.375","6.375","6.400","6.350","6,76M","0,00%"
"17/02/2022","6.375","6.325","6.375","6.300","3,84M","1,19%"
"16/02/2022","6.300","6.375","6.375","6.300","6,40M","-1,18%"
"15/02/2022","6.375","6.350","6.375","6.300","5,15M","0,39%"
"14/02/2022","6.350","6.325","6.350","6.250","4,26M","0,00%"
"11/02/2022","6.350","6.325","6.350","6.300","7,52M","0,40%"
"10/02/2022","6.325","6.350","6.400","6.300","8,11M","-0,39%"
"09/02/2022","6.350","6.425","6.425","6.325","8,94M","-0,39%"
"08/02/2022","6.375","6.450","6.475","6.375","5,01M","-1,54%"
"07/02/2022","6.475","6.425","6.475","6.400","5,44M","0,78%"
"04/02/2022","6.425","6.425","6.475","6.350","3,23M","0,00%"
"03/02/2022","6.425","6.400","6.425","6.350","2,67M","0,39%"
"02/02/2022","6.400","6.325","6.400","6.325","3,57M","1,19%"
"31/01/2022","6.325","6.350","6.450","6.325","4,97M","-0,78%"
"28/01/2022","6.375","6.400","6.425","6.325","5,35M","-0,78%"
"27/01/2022","6.425","6.425","6.450","6.350","4,05M","-0,39%"
"26/01/2022","6.450","6.400","6.475","6.350","6,72M","1,57%"
"25/01/2022","6.350","6.400","6.450","6.325","5,22M","-0,78%"
"24/01/2022","6.400","6.475","6.500","6.375","3,79M","-1,16%"
"21/01/2022","6.475","6.350","6.500","6.350","7,22M","1,97%"
"20/01/2022","6.350","6.425","6.450","6.350","8,23M","-1,17%"
"19/01/2022","6.425","6.450","6.475","6.375","4,46M","0,00%"
"18/01/2022","6.425","6.500","6.525","6.350","7,81M","-0,77%"
"17/01/2022","6.475","6.500","6.600","6.425","7,25M","-0,38%"
"14/01/2022","6.500","6.600","6.600","6.500","6,83M","-1,52%"
"13/01/2022","6.600","6.600","6.600","6.525","5,60M","0,00%"
"12/01/2022","6.600","6.525","6.600","6.500","9,45M","1,15%"
"11/01/2022","6.525","6.450","6.550","6.400","12,67M","1,95%"
"10/01/2022","6.400","6.425","6.475","6.375","7,14M","-0,39%"
"07/01/2022","6.425","6.350","6.450","6.325","10,17M","1,98%"
"06/01/2022","6.300","6.225","6.300","6.225","4,72M","1,20%"
"05/01/2022","6.225","6.300","6.300","6.200","10,38M","-0,80%"
"04/01/2022","6.275","6.250","6.325","6.250","9,18M","0,40%"
"03/01/2022","6.250","6.325","6.350","6.250","7,16M","-1,19%"
"30/12/2021","6.325","6.400","6.425","6.300","5,54M","-1,17%"
"29/12/2021","6.400","6.350","6.400","6.325","2,81M","1,19%"
"28/12/2021","6.325","6.425","6.425","6.300","3,87M","-0,78%"
"27/12/2021","6.375","6.400","6.425","6.350","1,82M","-0,39%"
"24/12/2021","6.400","6.375","6.400","6.350","2,11M","0,39%"
"23/12/2021","6.375","6.350","6.400","6.300","3,95M","1,19%"
"22/12/2021","6.300","6.375","6.400","6.300","4,31M","-1,18%"
"21/12/2021","6.375","6.375","6.425","6.325","5,43M","0,00%"
"20/12/2021","6.375","6.475","6.500","6.350","5,46M","-1,54%"
"17/12/2021","6.475","6.425","6.500","6.425","8,26M","0,78%"
"16/12/2021","6.425","6.500","6.575","6.425","5,26M","-1,15%"
"15/12/2021","6.500","6.500","6.600","6.475","3,99M","0,78%"
"14/12/2021","6.450","6.575","6.575","6.450","6,53M","-1,53%"
"13/12/2021","6.550","6.625","6.625","6.550","6,05M","-1,13%"
"10/12/2021","6.625","6.500","6.625","6.450","9,44M","1,15%"
"09/12/2021","6.550","6.425","6.550","6.400","5,86M","2,75%"
"08/12/2021","6.375","6.375","6.450","6.375","3,75M","0,39%"
"07/12/2021","6.350","6.425","6.475","6.350","7,94M","-1,17%"
"06/12/2021","6.425","6.425","6.525","6.400","9,86M","-0,39%"
"03/12/2021","6.450","6.475","6.500","6.400","11,98M","-0,39%"
"02/12/2021","6.475","6.525","6.600","6.475","7,75M","-0,77%"
"01/12/2021","6.525","6.400","6.650","6.400","18,02M","3,57%"
"30/11/2021","6.300","6.550","6.550","6.300","18,35M","-3,08%"
"29/11/2021","6.500","6.325","6.575","6.300","10,02M","2,36%"
"26/11/2021","6.350","6.475","6.525","6.325","10,21M","-1,93%"
"25/11/2021","6.475","6.500","6.550","6.475","5,06M","-1,15%"
"24/11/2021","6.550","6.600","6.600","6.450","6,46M","-0,76%"
"23/11/2021","6.600","6.625","6.650","6.550","5,57M","-0,38%"
"22/11/2021","6.625","6.550","6.650","6.525","6,55M","1,15%"
"19/11/2021","6.550","6.600","6.625","6.500","15,33M","0,00%"
"18/11/2021","6.550","6.325","6.575","6.300","27,53M","3,97%"
"17/11/2021","6.300","6.300","6.325","6.275","4,59M","0,00%"
"16/11/2021","6.300","6.300","6.325","6.275","5,79M","0,00%"
"15/11/2021","6.300","6.350","6.375","6.250","5,02M","-0,79%"
"12/11/2021","6.350","6.350","6.375","6.300","3,70M","0,40%"
"11/11/2021","6.325","6.275","6.350","6.250","11,35M","0,80%"
"10/11/2021","6.275","6.350","6.350","6.250","10,52M","-1,18%"
"09/11/2021","6.350","6.300","6.350","6.275","7,46M","1,20%"
"08/11/2021","6.275","6.250","6.325","6.250","6,31M","0,40%"
"05/11/2021","6.250","6.275","6.325","6.225","6,62M","-0,40%"
"04/11/2021","6.275","6.250","6.350","6.250","7,15M","0,40%"
"03/11/2021","6.250","6.275","6.300","6.200","8,53M","-0,40%"
"02/11/2021","6.275","6.300","6.350","6.200","11,69M","0,00%"
"01/11/2021","6.275","6.325","6.400","6.250","16,15M","-1,18%"
"29/10/2021","6.350","6.400","6.475","6.350","8,76M","-0,78%"
"28/10/2021","6.400","6.450","6.500","6.350","10,02M","-1,16%"
"27/10/2021","6.475","6.625","6.675","6.450","9,48M","-3,00%"
"26/10/2021","6.675","6.700","6.725","6.600","7,01M","0,38%"
"25/10/2021","6.650","6.675","6.725","6.625","6,12M","0,00%"
"22/10/2021","6.650","6.700","6.700","6.600","7,42M","-0,75%"
"21/10/2021","6.700","6.850","6.900","6.700","12,59M","-1,83%"
"19/10/2021","6.825","6.775","6.875","6.725","13,14M","0,74%"
"18/10/2021","6.775","6.850","6.875","6.750","14,30M","0,00%"
"15/10/2021","6.775","6.900","6.950","6.750","15,57M","-1,09%"
"14/10/2021","6.850","6.775","6.900","6.775","20,07M","1,11%"
"13/10/2021","6.775","6.650","6.825","6.625","14,07M","1,50%"
"12/10/2021","6.675","6.650","6.700","6.600","6,39M","0,75%"
"11/10/2021","6.625","6.725","6.725","6.600","4,12M","-1,12%"
"08/10/2021","6.700","6.700","6.750","6.600","7,79M","0,00%"
"07/10/2021","6.700","6.625","6.725","6.625","14,06M","1,52%"
"06/10/2021","6.600","6.525","6.650","6.525","14,52M","1,54%"
"05/10/2021","6.500","6.425","6.525","6.350","10,90M","1,17%"
"04/10/2021","6.425","6.300","6.450","6.225","13,24M","2,80%"
"01/10/2021","6.250","6.325","6.325","6.175","8,80M","-1,57%"
"30/09/2021","6.350","6.200","6.375","6.175","17,59M","3,25%"
"29/09/2021","6.150","6.125","6.175","6.100","4,70M","0,00%"
"28/09/2021","6.150","6.100","6.225","6.100","6,69M","0,82%"
"27/09/2021","6.100","6.150","6.175","6.100","4,79M","-0,81%"
"24/09/2021","6.150","6.150","6.200","6.100","6,24M","0,00%"
"23/09/2021","6.150","6.200","6.225","6.150","5,40M","-0,81%"
"22/09/2021","6.200","6.175","6.200","6.150","2,41M","0,81%"
"21/09/2021","6.150","6.150","6.175","6.100","3,73M","0,00%"
"20/09/2021","6.150","6.200","6.225","6.125","3,57M","-0,81%"
"17/09/2021","6.200","6.200","6.225","6.150","9,68M","0,00%"
"16/09/2021","6.200","6.250","6.275","6.175","3,69M","-0,80%"
"15/09/2021","6.250","6.175","6.250","6.175","4,02M","1,21%"
"14/09/2021","6.175","6.275","6.275","6.175","3,39M","-0,80%"
"13/09/2021","6.225","6.200","6.250","6.175","1,82M","0,00%"
"10/09/2021","6.225","6.300","6.300","6.225","3,66M","-0,80%"
"09/09/2021","6.275","6.175","6.275","6.150","9,25M","1,62%"
"08/09/2021","6.175","6.275","6.275","6.150","11,10M","-1,20%"
"07/09/2021","6.250","6.300","6.300","6.200","9,38M","-3,47%"
"06/09/2021","6.475","6.550","6.575","6.450","11,02M","-0,77%"
"03/09/2021","6.525","6.475","6.550","6.425","14,12M","1,16%"
"02/09/2021","6.450","6.400","6.450","6.375","6,61M","1,57%"
"01/09/2021","6.350","6.275","6.400","6.275","10,35M","2,83%"
"31/08/2021","6.175","6.525","6.525","6.175","29,73M","-5,36%"
"30/08/2021","6.525","6.450","6.525","6.425","8,84M","1,56%"
"27/08/2021","6.425","6.325","6.450","6.275","11,22M","2,39%"
"26/08/2021","6.275","6.350","6.400","6.275","6,67M","-0,79%"
"25/08/2021","6.325","6.350","6.375","6.250","5,44M","0,40%"
"24/08/2021","6.300","6.225","6.300","6.175","4,96M","1,20%"
"23/08/2021","6.225","6.200","6.250","6.175","4,88M","0,81%"
"20/08/2021","6.175","6.225","6.225","6.150","4,02M","-1,20%"
"19/08/2021","6.250","6.375","6.400","6.175","6,79M","-2,34%"
"18/08/2021","6.400","6.400","6.475","6.375","6,96M","0,79%"
"16/08/2021","6.350","6.275","6.375","6.200","7,94M","2,01%"
"13/08/2021","6.225","6.250","6.300","6.200","4,76M","0,40%"
"12/08/2021","6.200","6.175","6.250","6.125","8,72M","1,22%"
"10/08/2021","6.125","6.125","6.175","6.050","6,28M","-0,41%"
"09/08/2021","6.150","6.225","6.275","6.100","4,90M","-1,20%"
"06/08/2021","6.225","6.200","6.300","6.150","4,45M","0,40%"
"05/08/2021","6.200","6.200","6.250","6.175","5,58M","0,40%"
"04/08/2021","6.175","6.150","6.200","6.100","8,35M","0,82%"
"03/08/2021","6.125","6.175","6.250","6.125","6,80M","-0,81%"
"02/08/2021","6.175","6.175","6.225","6.100","7,79M","1,65%"
"30/07/2021","6.075","6.400","6.450","6.075","17,61M","-4,71%"
"29/07/2021","6.375","6.450","6.500","6.375","8,46M","-1,92%"
"28/07/2021","6.500","6.575","6.575","6.425","2,55M","-1,14%"
"27/07/2021","6.575","6.575","6.575","6.475","3,17M","1,15%"
"26/07/2021","6.500","6.475","6.550","6.475","2,37M","0,39%"
"23/07/2021","6.475","6.525","6.575","6.450","6,50M","-0,77%"
"22/07/2021","6.525","6.525","6.575","6.475","6,29M","0,00%"
"21/07/2021","6.525","6.650","6.675","6.500","8,85M","-1,88%"
"19/07/2021","6.650","6.625","6.675","6.550","6,57M","0,38%"
"16/07/2021","6.625","6.675","6.700","6.525","5,58M","-0,75%"
"15/07/2021","6.675","6.650","6.700","6.575","6,07M","0,75%"
"14/07/2021","6.625","6.625","6.625","6.525","9,08M","0,00%"
"13/07/2021","6.625","6.600","6.700","6.575","9,46M","0,38%"
"12/07/2021","6.600","6.500","6.625","6.500","6,03M","1,93%"
"09/07/2021","6.475","6.425","6.575","6.375","6,74M","0,78%"
"08/07/2021","6.425","6.450","6.525","6.425","6,33M","-0,39%"
"07/07/2021","6.450","6.475","6.575","6.425","8,76M","0,00%"
"06/07/2021","6.450","6.500","6.500","6.400","5,96M","0,00%"
"05/07/2021","6.450","6.575","6.650","6.400","9,41M","-1,90%"
"02/07/2021","6.575","6.600","6.650","6.475","13,18M","0,38%"
"01/07/2021","6.550","6.300","6.600","6.300","25,77M","6,07%"
"30/06/2021","6.175","6.225","6.250","6.150","6,06M","-0,80%"
"29/06/2021","6.225","6.025","6.250","6.000","11,01M","3,75%"
"28/06/2021","6.000","6.050","6.100","6.000","4,36M","-0,83%"
"25/06/2021","6.050","5.975","6.150","5.975","4,98M","1,26%"
"24/06/2021","5.975","6.025","6.050","5.925","7,56M","-0,83%"
"23/06/2021","6.025","6.175","6.225","6.025","8,02M","-2,43%"
"22/06/2021","6.175","6.075","6.275","6.075","7,01M","2,49%"
"21/06/2021","6.025","5.750","6.100","5.750","7,92M","0,84%"
"18/06/2021","5.975","6.250","6.250","5.975","31,61M","-4,40%"
"17/06/2021","6.250","6.275","6.300","6.225","3,62M","-0,40%"
"16/06/2021","6.275","6.250","6.375","6.250","3,88M","0,40%"
"15/06/2021","6.250","6.275","6.300","6.250","6,21M","-0,40%"
"14/06/2021","6.275","6.300","6.325","6.250","1,77M","0,00%"
"11/06/2021","6.275","6.300","6.325","6.250","5,35M","0,40%"
"10/06/2021","6.250","6.275","6.325","6.250","7,50M","-0,40%"
"09/06/2021","6.275","6.375","6.375","6.250","8,71M","-1,57%"
"08/06/2021","6.375","6.525","6.550","6.375","5,82M","-3,04%"
"07/06/2021","6.575","6.575","6.575","6.400","5,81M","0,00%"
"04/06/2021","6.575","6.600","6.625","6.450","7,80M","-1,50%"
"03/06/2021","6.675","6.450","6.675","6.400","9,23M","3,49%"
"02/06/2021","6.450","6.400","6.475","6.375","8,31M","1,57%"
"31/05/2021","6.350","6.225","6.350","6.200","7,28M","2,01%"
"28/05/2021","6.225","6.225","6.300","6.125","11,13M","-0,40%"
"27/05/2021","6.250","6.325","6.375","6.250","19,38M","-0,79%"
"25/05/2021","6.300","6.275","6.325","6.225","9,22M","0,40%"
"24/05/2021","6.275","6.350","6.350","6.225","6,65M","-1,18%"
"21/05/2021","6.350","6.375","6.425","6.325","4,55M","-0,39%"
"20/05/2021","6.375","6.400","6.475","6.300","6,55M","0,00%"
"19/05/2021","6.375","6.375","6.450","6.350","6,07M","0,00%"
"18/05/2021","6.375","6.350","6.450","6.350","5,18M","0,39%"
"17/05/2021","6.350","6.600","6.625","6.325","12,92M","-3,42%"
"11/05/2021","6.575","6.575","6.650","6.525","7,53M","0,00%"
"10/05/2021","6.575","6.525","6.650","6.525","7,85M","1,15%"
"07/05/2021","6.500","6.500","6.575","6.500","3,54M","-0,76%"
"06/05/2021","6.550","6.525","6.575","6.500","3,75M","0,77%"
"05/05/2021","6.500","6.600","6.600","6.500","3,23M","-1,14%"
"04/05/2021","6.575","6.500","6.575","6.450","2,92M","1,54%"
"03/05/2021","6.475","6.525","6.550","6.450","5,69M","-0,77%"
"30/04/2021","6.525","6.575","6.600","6.500","4,43M","0,00%"
"29/04/2021","6.525","6.675","6.675","6.525","7,82M","-2,25%"
"28/04/2021","6.675","6.550","6.675","6.525","4,38M","2,30%"
"27/04/2021","6.525","6.650","6.700","6.525","6,43M","-2,25%"
"26/04/2021","6.675","6.750","6.750","6.650","5,72M","-1,11%"
"23/04/2021","6.750","6.675","6.750","6.650","4,75M","1,12%"
"22/04/2021","6.675","6.800","6.800","6.675","5,35M","-1,48%"
"21/04/2021","6.775","6.725","6.800","6.700","5,96M","0,37%"
"20/04/2021","6.750","6.700","6.750","6.675","4,49M","0,00%"
"19/04/2021","6.750","6.750","6.775","6.675","6,46M","0,75%"
"16/04/2021","6.700","6.625","6.750","6.575","8,02M","0,75%"
"15/04/2021","6.650","6.550","6.650","6.500","4,07M","1,14%"
"14/04/2021","6.575","6.600","6.625","6.550","2,74M","0,00%"
"13/04/2021","6.575","6.625","6.650","6.525","7,91M","-0,38%"
"12/04/2021","6.600","6.600","6.700","6.525","8,46M","0,00%"
"09/04/2021","6.600","6.650","6.700","6.600","5,95M","-1,12%"
"08/04/2021","6.675","6.700","6.750","6.650","6,32M","-1,48%"
"07/04/2021","6.775","6.800","6.800","6.675","4,63M","0,37%"
"06/04/2021","6.750","6.725","6.775","6.625","7,04M","1,50%"
"05/04/2021","6.650","6.800","6.800","6.650","8,38M","-1,12%"
"01/04/2021","6.725","6.600","6.750","6.525","10,40M","1,89%"
"31/03/2021","6.600","6.725","6.725","6.425","14,08M","-1,49%"
"30/03/2021","6.700","6.800","6.825","6.625","8,01M","-1,47%"
"29/03/2021","6.800","6.775","6.800","6.675","8,71M","0,74%"
"26/03/2021","6.750","6.650","6.775","6.550","14,47M","1,89%"
"25/03/2021","6.625","6.725","6.750","6.500","15,25M","-1,49%"
"24/03/2021","6.725","6.675","6.725","6.575","14,82M","0,75%"
"23/03/2021","6.675","6.525","6.750","6.525","30,64M","5,12%"
"22/03/2021","6.350","6.500","6.550","6.325","12,60M","-2,31%"
"19/03/2021","6.500","6.300","6.500","6.275","18,92M","3,17%"
"18/03/2021","6.300","6.400","6.425","6.300","9,92M","-0,79%"
"17/03/2021","6.350","6.475","6.475","6.350","5,49M","-0,78%"
"16/03/2021","6.400","6.450","6.475","6.400","4,45M","0,00%"
"15/03/2021","6.400","6.400","6.450","6.375","7,74M","0,39%"
"12/03/2021","6.375","6.425","6.475","6.350","13,81M","-0,39%"
"10/03/2021","6.400","6.250","6.400","6.200","12,83M","3,23%"
"09/03/2021","6.200","6.250","6.275","6.150","11,67M","0,40%"
"08/03/2021","6.175","6.200","6.250","6.150","8,33M","0,82%"
"05/03/2021","6.125","6.100","6.225","6.100","10,28M","-1,21%"
"04/03/2021","6.200","6.300","6.300","6.175","10,54M","-1,59%"
"03/03/2021","6.300","6.300","6.350","6.200","14,42M","0,40%"
"02/03/2021","6.275","6.150","6.300","6.125","17,00M","2,87%"
"01/03/2021","6.100","6.100","6.125","6.050","9,54M","0,83%"
"26/02/2021","6.050","6.125","6.150","6.050","21,12M","-1,22%"
"25/02/2021","6.125","6.175","6.175","6.100","7,50M","0,41%"
"24/02/2021","6.100","6.100","6.200","6.075","11,68M","0,83%"
"23/02/2021","6.050","6.075","6.100","6.000","10,87M","0,00%"
"22/02/2021","6.050","6.100","6.150","6.050","8,93M","-0,41%"
"19/02/2021","6.075","6.050","6.125","6.025","5,31M","0,41%"
"18/02/2021","6.050","6.175","6.175","6.050","8,65M","-0,82%"
"17/02/2021","6.100","6.175","6.175","6.075","5,74M","0,00%"
"16/02/2021","6.100","6.200","6.225","6.075","15,09M","-0,81%"
"15/02/2021","6.150","6.325","6.350","6.150","12,53M","-2,38%"
"11/02/2021","6.300","6.125","6.300","6.125","9,09M","2,86%"
"10/02/2021","6.125","6.175","6.225","6.125","12,96M","-0,41%"
"09/02/2021","6.150","6.250","6.250","6.100","16,39M","-1,60%"
"08/02/2021","6.250","6.325","6.375","6.225","10,70M","-1,19%"
"05/02/2021","6.325","6.325","6.375","6.275","7,18M","0,00%"
"04/02/2021","6.325","6.300","6.350","6.275","9,62M","0,40%"
"03/02/2021","6.300","6.375","6.450","6.300","10,66M","-0,40%"
"02/02/2021","6.325","6.300","6.475","6.250","16,94M","1,20%"
"01/02/2021","6.250","6.100","6.275","6.000","13,54M","3,31%"
"29/01/2021","6.050","6.425","6.550","6.050","27,09M","-4,35%"
"28/01/2021","6.325","6.525","6.575","6.325","11,37M","-3,44%"
"27/01/2021","6.550","6.575","6.675","6.525","8,76M","-0,38%"
"26/01/2021","6.575","6.625","6.725","6.550","12,60M","-0,75%"
"25/01/2021","6.625","6.675","6.750","6.600","9,83M","-0,75%"
"22/01/2021","6.675","6.800","6.850","6.675","12,73M","-1,48%"
"21/01/2021","6.775","6.800","6.825","6.750","7,26M","0,37%"
"20/01/2021","6.750","6.800","6.850","6.750","12,92M","-0,74%"
"19/01/2021","6.800","6.900","7.025","6.800","29,86M","-0,73%"
"18/01/2021","6.850","6.675","6.850","6.650","12,87M","2,62%"
"15/01/2021","6.675","6.725","6.775","6.650","12,88M","-0,74%"
"14/01/2021","6.725","6.750","6.775","6.700","9,12M","0,37%"
"13/01/2021","6.700","6.800","6.800","6.700","13,98M","-0,37%"
"12/01/2021","6.725","6.800","6.900","6.725","15,84M","-0,37%"
"11/01/2021","6.750","6.800","6.825","6.750","15,47M","-0,74%"
"08/01/2021","6.800","6.775","6.825","6.750","12,86M","0,37%"
"07/01/2021","6.775","6.750","6.825","6.750","7,03M","0,37%"
"06/01/2021","6.750","6.850","6.875","6.700","13,33M","-1,46%"
"05/01/2021","6.850","6.825","6.925","6.825","14,95M","0,37%"
"04/01/2021","6.825","6.850","6.900","6.775","6,66M","-0,36%"
"30/12/2020","6.850","6.825","6.900","6.750","13,71M","0,37%"
"29/12/2020","6.825","6.925","6.950","6.825","7,87M","-1,44%"
"28/12/2020","6.925","6.900","6.925","6.725","5,92M","1,84%"
"23/12/2020","6.800","6.875","6.925","6.700","10,92M","-0,37%"
"22/12/2020","6.825","7.050","7.075","6.825","17,13M","-3,19%"
"21/12/2020","7.050","6.825","7.075","6.825","18,76M","3,30%"
"18/12/2020","6.825","6.850","6.950","6.825","18,42M","-0,36%"
"17/12/2020","6.850","6.900","6.975","6.850","13,73M","-0,72%"
"16/12/2020","6.900","6.900","6.975","6.900","21,23M","0,00%"
"15/12/2020","6.900","7.025","7.050","6.850","24,50M","-1,78%"
"14/12/2020","7.025","6.925","7.025","6.900","14,94M","1,44%"
"11/12/2020","6.925","7.000","7.025","6.925","12,02M","-0,72%"
"10/12/2020","6.975","7.000","7.075","6.975","24,97M","-0,36%"
"08/12/2020","7.000","7.100","7.125","7.000","20,77M","-1,41%"
"07/12/2020","7.100","7.025","7.150","7.025","15,16M","1,07%"
"04/12/2020","7.025","7.075","7.100","7.000","7,08M","-0,35%"
"03/12/2020","7.050","7.200","7.275","7.050","17,40M","-1,40%"
"02/12/2020","7.150","7.100","7.250","7.100","20,58M","0,70%"
"01/12/2020","7.100","7.125","7.175","7.025","12,22M","0,00%"
"30/11/2020","7.100","7.325","7.350","7.000","41,43M","-2,74%"
"27/11/2020","7.300","7.175","7.350","7.175","11,06M","1,04%"
"26/11/2020","7.225","7.125","7.250","7.125","6,72M","1,05%"
"25/11/2020","7.150","7.300","7.350","7.125","18,61M","-1,38%"
"24/11/2020","7.250","7.350","7.350","7.225","9,55M","-0,34%"
"23/11/2020","7.275","7.300","7.300","7.225","7,56M","0,69%"
"20/11/2020","7.225","7.300","7.350","7.175","13,62M","-0,69%"
"19/11/2020","7.275","7.350","7.375","7.250","8,42M","-1,02%"
"18/11/2020","7.350","7.300","7.425","7.300","12,69M","1,03%"
"17/11/2020","7.275","7.150","7.425","7.150","19,44M","1,75%"
"16/11/2020","7.150","7.150","7.175","7.125","8,26M","0,70%"
"13/11/2020","7.100","7.200","7.200","7.100","7,23M","-1,05%"
"12/11/2020","7.175","7.050","7.200","7.050","14,05M","1,77%"
"11/11/2020","7.050","7.100","7.225","7.025","15,18M","-1,40%"
"10/11/2020","7.150","7.300","7.300","7.125","16,40M","-0,69%"
"09/11/2020","7.200","7.175","7.275","7.150","15,84M","0,35%"
"06/11/2020","7.175","7.025","7.200","7.025","17,15M","0,70%"
"05/11/2020","7.125","7.075","7.125","7.000","9,67M","2,52%"
"04/11/2020","6.950","7.050","7.075","6.950","7,12M","-0,71%"
"03/11/2020","7.000","7.025","7.050","6.950","6,84M","-0,36%"
"02/11/2020","7.025","7.000","7.075","6.825","16,24M","0,36%"
"27/10/2020","7.000","7.050","7.075","7.000","9,45M","-1,06%"
"26/10/2020","7.075","7.075","7.100","7.025","6,50M","0,00%"
"23/10/2020","7.075","7.200","7.200","7.050","6,73M","-2,08%"
"22/10/2020","7.225","7.075","7.225","7.025","8,96M","2,12%"
"21/10/2020","7.075","7.075","7.125","7.050","5,28M","0,71%"
"20/10/2020","7.025","7.150","7.175","7.000","8,97M","-1,75%"
"19/10/2020","7.150","7.125","7.150","7.100","3,91M","1,06%"
"16/10/2020","7.075","7.050","7.100","7.000","10,69M","0,35%"
"15/10/2020","7.050","7.125","7.150","7.000","14,58M","-1,05%"
"14/10/2020","7.125","7.225","7.250","7.100","10,28M","-1,72%"
"13/10/2020","7.250","7.225","7.250","7.075","8,05M","0,69%"
"12/10/2020","7.200","7.300","7.325","7.200","5,12M","-0,35%"
"09/10/2020","7.225","7.225","7.275","7.200","2,32M","0,00%"
"08/10/2020","7.225","7.125","7.275","7.100","6,07M","1,40%"
"07/10/2020","7.125","7.225","7.375","7.100","8,87M","-1,38%"
"06/10/2020","7.225","7.175","7.325","7.175","7,24M","1,76%"
"05/10/2020","7.100","7.150","7.200","7.075","2,73M","0,35%"
"02/10/2020","7.075","7.200","7.225","7.025","4,69M","-1,39%"
"01/10/2020","7.175","7.100","7.175","7.100","2,47M","0,35%"
"30/09/2020","7.150","7.050","7.150","7.000","6,03M","2,14%"
"29/09/2020","7.000","7.050","7.175","7.000","8,28M","0,00%"
"28/09/2020","7.000","7.150","7.200","7.000","8,87M","-1,75%"
"25/09/2020","7.125","7.125","7.200","7.075","10,59M","0,00%"
"24/09/2020","7.125","7.400","7.425","7.050","13,99M","-4,04%"
"23/09/2020","7.425","7.450","7.575","7.425","6,00M","-1,33%"
"22/09/2020","7.525","7.425","7.600","7.400","5,94M","0,00%"
"21/09/2020","7.525","7.575","7.650","7.500","6,06M","0,00%"
"18/09/2020","7.525","7.425","7.600","7.400","12,21M","1,69%"
"17/09/2020","7.400","7.525","7.600","7.400","7,81M","-2,63%"
"16/09/2020","7.600","7.625","7.675","7.575","4,78M","-0,98%"
"15/09/2020","7.675","7.800","7.825","7.600","11,97M","-1,60%"
"14/09/2020","7.800","7.700","7.900","7.625","13,58M","2,97%"
"11/09/2020","7.575","7.000","7.600","7.000","12,44M","4,48%"
"10/09/2020","7.250","7.500","7.500","7.050","17,40M","-4,29%"
"09/09/2020","7.575","7.850","7.875","7.525","12,01M","-4,11%"
"08/09/2020","7.900","7.800","8.000","7.775","11,12M","1,28%"
"07/09/2020","7.800","7.600","7.800","7.600","8,60M","2,63%"
"04/09/2020","7.600","7.700","7.700","7.500","7,58M","-1,62%"
"03/09/2020","7.725","7.800","7.850","7.700","7,23M","-0,32%"
"02/09/2020","7.750","7.525","7.750","7.525","10,95M","1,31%"
"01/09/2020","7.650","7.600","7.700","7.400","15,78M","0,33%"
"31/08/2020","7.625","7.625","7.800","7.625","15,22M","0,00%"
"28/08/2020","7.625","7.700","7.700","7.600","7,05M","-0,65%"
"27/08/2020","7.675","7.675","7.725","7.600","7,86M","0,00%"
"26/08/2020","7.675","7.850","7.850","7.625","10,43M","-2,23%"
"25/08/2020","7.850","7.500","7.850","7.500","18,92M","4,67%"
"24/08/2020","7.500","7.200","7.500","7.200","10,26M","4,17%"
"19/08/2020","7.200","7.250","7.300","7.175","8,55M","-0,69%"
"18/08/2020","7.250","7.350","7.400","7.250","11,57M","-1,02%"
"14/08/2020","7.325","7.150","7.325","7.100","6,61M","1,38%"
"13/08/2020","7.225","7.100","7.250","7.025","13,48M","2,48%"
"12/08/2020","7.050","7.050","7.150","7.000","16,83M","0,00%"
"11/08/2020","7.050","6.975","7.100","6.975","12,66M","1,08%"
"10/08/2020","6.975","6.875","7.000","6.875","11,77M","1,45%"
"07/08/2020","6.875","7.025","7.075","6.850","11,68M","-2,14%"
"06/08/2020","7.025","7.100","7.175","6.950","15,09M","-0,71%"
"05/08/2020","7.075","6.750","7.100","6.750","29,37M","4,81%"
"04/08/2020","6.750","6.650","6.800","6.500","45,56M","4,25%"
"03/08/2020","6.475","6.475","6.550","6.300","12,46M","0,39%"
"30/07/2020","6.450","6.500","6.500","6.400","10,51M","0,78%"
"29/07/2020","6.400","6.425","6.450","6.350","7,94M","-0,39%"
"28/07/2020","6.425","6.500","6.500","6.400","9,56M","-0,77%"
"27/07/2020","6.475","6.500","6.525","6.450","6,30M","0,00%"
"24/07/2020","6.475","6.525","6.525","6.450","13,20M","-3,72%"
"23/07/2020","6.725","6.675","6.725","6.650","21,20M","0,75%"
"22/07/2020","6.675","6.725","6.800","6.650","14,45M","0,00%"
"21/07/2020","6.675","6.650","6.725","6.625","14,06M","1,14%"
"20/07/2020","6.600","6.575","6.750","6.550","21,60M","0,76%"
"17/07/2020","6.550","6.700","6.700","6.525","23,96M","-1,13%"
"16/07/2020","6.625","6.600","6.750","6.600","23,74M","1,53%"
"15/07/2020","6.525","6.650","6.650","6.500","9,12M","-1,14%"
"14/07/2020","6.600","6.575","6.625","6.500","8,19M","0,38%"
"13/07/2020","6.575","6.500","6.625","6.500","6,62M","1,15%"
"10/07/2020","6.500","6.550","6.575","6.500","7,99M","-0,76%"
"09/07/2020","6.550","6.650","6.675","6.550","9,46M","-1,13%"
"08/07/2020","6.625","6.550","6.625","6.525","4,22M","0,76%"
"07/07/2020","6.575","6.650","6.650","6.400","6,93M","-0,75%"
"06/07/2020","6.625","6.675","6.750","6.600","3,13M","-0,75%"
"03/07/2020","6.675","6.600","6.675","6.575","9,54M","1,52%"
"02/07/2020","6.575","6.575","6.600","6.475","11,91M","0,38%"
"01/07/2020","6.550","6.500","6.600","6.475","10,71M","0,38%"
"30/06/2020","6.525","6.750","6.800","6.525","13,64M","-3,33%"
"29/06/2020","6.750","6.650","6.750","6.525","7,60M","1,12%"
"26/06/2020","6.675","6.450","6.675","6.425","11,51M","4,71%"
"25/06/2020","6.375","6.525","6.525","6.375","6,44M","-2,30%"
"24/06/2020","6.525","6.425","6.550","6.425","5,96M","1,56%"
"23/06/2020","6.425","6.575","6.575","6.425","6,37M","-2,28%"
"22/06/2020","6.575","6.575","6.675","6.500","10,16M","0,00%"
"19/06/2020","6.575","6.475","6.575","6.450","11,84M","1,54%"
"18/06/2020","6.475","6.525","6.550","6.450","11,35M","-1,15%"
"17/06/2020","6.550","6.400","6.550","6.400","15,53M","2,34%"
"16/06/2020","6.400","6.300","6.400","6.275","15,70M","3,23%"
"15/06/2020","6.200","6.100","6.375","6.075","16,21M","1,64%"
"12/06/2020","6.100","6.100","6.100","5.900","9,72M","0,00%"
"11/06/2020","6.100","6.050","6.175","6.025","12,51M","-0,81%"
"10/06/2020","6.150","6.325","6.400","6.100","11,63M","-2,38%"
"09/06/2020","6.300","6.200","6.475","6.200","29,25M","1,61%"
"08/06/2020","6.200","6.200","6.225","6.125","22,63M","0,81%"
"05/06/2020","6.150","6.150","6.150","6.050","13,87M","0,00%"
"04/06/2020","6.150","6.200","6.300","6.100","19,46M","-0,81%"
"03/06/2020","6.200","6.075","6.275","6.025","24,00M","2,90%"
"02/06/2020","6.025","5.800","6.175","5.800","35,35M","4,78%"
"29/05/2020","5.750","5.700","5.925","5.600","54,63M","1,32%"
"28/05/2020","5.675","5.400","6.050","5.225","81,13M","1,34%"
"27/05/2020","5.600","6.025","6.025","5.600","17,65M","-6,67%"
"26/05/2020","6.000","6.425","6.425","6.000","17,47M","-6,61%"
"20/05/2020","6.425","6.750","6.750","6.300","14,40M","-4,81%"
"19/05/2020","6.750","6.575","6.750","6.550","7,36M","3,85%"
"18/05/2020","6.500","6.575","6.650","6.475","7,22M","-1,14%"
"15/05/2020","6.575","6.625","6.650","6.475","6,82M","0,00%"
"14/05/2020","6.575","6.325","6.600","6.300","10,18M","3,95%"
"13/05/2020","6.325","6.300","6.400","6.200","6,38M","0,00%"
"12/05/2020","6.325","6.550","6.575","6.300","9,52M","-3,07%"
"11/05/2020","6.525","6.700","6.725","6.525","6,01M","-1,51%"
"08/05/2020","6.625","6.600","6.700","6.500","9,17M","1,92%"
"06/05/2020","6.500","6.525","6.650","6.450","4,65M","-0,38%"
"05/05/2020","6.525","6.700","6.700","6.525","4,47M","-1,14%"
"04/05/2020","6.600","6.500","6.725","6.325","10,89M","1,15%"
"30/04/2020","6.525","6.675","6.800","6.525","10,00M","-2,25%"
"29/04/2020","6.675","6.500","6.725","6.475","10,00M","3,09%"
"28/04/2020","6.475","6.300","6.525","6.300","6,78M","2,78%"
"27/04/2020","6.300","6.450","6.475","6.275","4,30M","-0,40%"
"24/04/2020","6.325","6.525","6.575","6.300","7,32M","-3,07%"
"23/04/2020","6.525","6.400","6.575","6.300","10,05M","3,57%"
"22/04/2020","6.300","6.200","6.450","6.175","9,01M","0,40%"
"21/04/2020","6.275","6.200","6.400","6.175","6,47M","0,80%"
"20/04/2020","6.225","6.250","6.425","6.175","8,95M","-0,40%"
"17/04/2020","6.250","6.200","6.300","6.075","11,21M","3,31%"
"16/04/2020","6.050","6.400","6.400","6.050","13,44M","-5,84%"
"15/04/2020","6.425","6.500","6.550","6.375","12,52M","-0,39%"
"14/04/2020","6.450","6.400","6.550","6.400","7,46M","0,78%"
"13/04/2020","6.400","6.400","6.475","6.300","6,01M","0,39%"
"09/04/2020","6.375","6.250","6.500","6.200","10,66M","2,00%"
"08/04/2020","6.250","6.525","6.525","6.125","12,76M","-4,21%"
"07/04/2020","6.525","6.750","6.875","6.450","14,20M","-2,97%"
"06/04/2020","6.725","6.700","6.850","6.600","12,46M","1,89%"
"03/04/2020","6.600","6.925","6.925","6.475","12,29M","-2,94%"
"02/04/2020","6.800","6.100","6.875","6.050","12,75M","7,09%"
"01/04/2020","6.350","6.350","6.550","6.275","16,00M","0,00%"
"31/03/2020","6.350","6.550","6.825","6.350","23,83M","0,00%"
"30/03/2020","6.350","6.550","6.550","6.325","10,48M","-6,62%"
"27/03/2020","6.800","6.050","6.800","6.050","26,79M","13,81%"
"26/03/2020","5.975","5.350","6.050","5.250","22,19M","18,32%"
"24/03/2020","5.050","5.350","5.600","5.000","16,41M","-5,61%"
"23/03/2020","5.350","5.750","5.750","5.350","7,77M","-6,96%"
"20/03/2020","5.750","5.650","6.025","5.275","31,47M","1,77%"
"19/03/2020","5.650","6.000","6.000","5.650","5,99M","-7,00%"
"18/03/2020","6.075","6.250","6.300","5.900","9,85M","-0,82%"
"17/03/2020","6.125","6.425","6.500","6.000","11,76M","-4,67%"
"16/03/2020","6.425","6.900","7.000","6.425","13,69M","-6,88%"
"13/03/2020","6.900","6.550","7.250","6.200","21,04M","3,76%"
"12/03/2020","6.650","6.700","6.750","6.525","7,29M","-2,21%"
"11/03/2020","6.800","6.750","6.800","6.525","5,83M","0,74%"
"10/03/2020","6.750","6.375","6.900","6.375","10,17M","5,88%"
"09/03/2020","6.375","6.650","6.800","6.350","10,55M","-8,27%"
"06/03/2020","6.950","7.150","7.150","6.950","5,74M","-3,47%"
"05/03/2020","7.200","7.250","7.300","7.125","4,04M","0,35%"
"04/03/2020","7.175","7.100","7.250","7.050","8,99M","0,70%"
"03/03/2020","7.125","6.700","7.275","6.700","8,92M","6,74%"
"02/03/2020","6.675","6.600","6.975","6.500","14,02M","2,69%"
"28/02/2020","6.500","6.700","6.700","6.375","13,28M","-5,80%"
"27/02/2020","6.900","7.050","7.175","6.800","5,44M","-1,78%"
"26/02/2020","7.025","7.200","7.275","7.000","9,43M","-2,77%"
"25/02/2020","7.225","7.200","7.300","7.100","6,13M","0,35%"
"24/02/2020","7.200","7.000","7.225","7.000","6,97M","0,00%"
"21/02/2020","7.200","7.300","7.325","7.125","6,99M","-1,37%"
"20/02/2020","7.300","7.100","7.375","7.050","10,62M","3,55%"
"19/02/2020","7.050","7.150","7.175","7.000","5,25M","-0,70%"
"18/02/2020","7.100","7.100","7.175","7.100","5,89M","-0,70%"
"17/02/2020","7.150","7.100","7.200","7.100","3,34M","0,00%"
"14/02/2020","7.150","7.025","7.200","7.025","4,84M","2,14%"
"13/02/2020","7.000","7.000","7.125","6.875","11,58M","0,00%"
"12/02/2020","7.000","7.600","7.600","6.925","25,89M","-8,79%"
"11/02/2020","7.675","7.825","7.825","7.650","7,95M","-0,97%"
"10/02/2020","7.750","7.850","7.850","7.725","4,00M","-1,27%"
"07/02/2020","7.850","7.675","7.875","7.675","4,83M","1,95%"
"06/02/2020","7.700","7.800","7.850","7.700","4,35M","-0,65%"
"05/02/2020","7.750","7.750","7.775","7.725","5,38M","0,00%"
"04/02/2020","7.750","7.700","7.800","7.700","5,25M","0,98%"
"03/02/2020","7.675","7.725","7.750","7.600","6,49M","-1,92%"
"31/01/2020","7.825","7.950","7.950","7.800","10,19M","-0,95%"
"30/01/2020","7.900","7.975","8.025","7.900","4,87M","-0,32%"
"29/01/2020","7.925","8.075","8.125","7.900","3,67M","-2,46%"
"28/01/2020","8.125","8.100","8.175","7.925","5,37M","0,00%"
"27/01/2020","8.125","8.175","8.250","8.100","4,16M","-0,91%"
"24/01/2020","8.200","8.075","8.250","8.075","2,38M","0,61%"
"23/01/2020","8.150","8.125","8.175","8.100","4,75M","1,24%"
"22/01/2020","8.050","8.125","8.275","8.050","8,11M","-2,42%"
"21/01/2020","8.250","8.200","8.275","8.150","12,01M","0,00%"
"20/01/2020","8.250","8.250","8.275","8.225","11,31M","0,00%"
"17/01/2020","8.250","8.175","8.250","8.150","7,38M","0,92%"
"16/01/2020","8.175","8.050","8.175","8.025","7,23M","1,55%"
"15/01/2020","8.050","8.175","8.300","8.000","13,12M","-0,92%"
"14/01/2020","8.125","8.125","8.175","8.075","6,55M","-0,31%"
"13/01/2020","8.150","8.175","8.225","8.100","5,18M","-1,21%"
"10/01/2020","8.250","8.250","8.250","8.200","6,47M","0,00%"
"09/01/2020","8.250","8.250","8.250","8.175","5,89M","0,30%"
"08/01/2020","8.225","8.150","8.225","8.100","7,76M","0,30%"
"07/01/2020","8.200","8.000","8.200","7.975","7,51M","2,50%"
"06/01/2020","8.000","7.900","8.025","7.875","5,14M","-0,31%"
"03/01/2020","8.025","7.975","8.025","7.950","7,68M","0,63%"
"02/01/2020","7.975","7.925","8.000","7.825","5,26M","0,63%"